CustomerID,CustomerName,Segment,Gender,AgeGroup,JoinDate
C00001,Aisha Reddy,Corporate,Male,25-34,2023-05-22
C00002,Arjun Menon,Corporate,Male,45-54,2024-04-09
C00003,Riya Nair,Consumer,Female,35-44,2023-04-23
C00004,Aditya Iyer,Corporate,Female,35-44,2022-07-24
C00005,Sneha Ali,Small Business,Female,45-54,2022-02-16
C00006,Ishaan Patel,Consumer,Male,45-54,2024-08-01
C00007,Aadhya Das,Consumer,Male,25-34,2024-01-31
C00008,Kabir Verma,Consumer,Male,35-44,2022-06-05
C00009,Riya Das,Consumer,Male,35-44,2022-03-15
C00010,Aadhya Khan,Consumer,Female,25-34,2022-05-10
C00011,Farhan Pillai,Consumer,Male,45-54,2023-01-12
C00012,Aisha Reddy,Consumer,Female,18-24,2024-03-22
C00013,Pooja Ali,Corporate,Female,25-34,2022-06-09
C00014,Aarav Chatterjee,Corporate,Male,45-54,2024-03-29
C00015,Zoya Verma,Corporate,Male,25-34,2022-01-02
C00016,Sameer Iyer,Corporate,Female,18-24,2024-01-09
C00017,Vivaan Iyer,Corporate,Female,25-34,2022-10-10
C00018,Meera Pillai,Corporate,Female,35-44,2024-08-18
C00019,Aisha Iyer,Corporate,Male,45-54,2023-04-21
C00020,Ishaan Ali,Consumer,Male,18-24,2022-09-28
C00021,Tanvi Mehta,Corporate,Female,18-24,2022-08-31
C00022,Arjun Kapoor,Consumer,Female,25-34,2024-04-06
C00023,Zoya Singh,Consumer,Female,55+,2023-02-07
C00024,Sai Kulkarni,Consumer,Female,25-34,2022-12-19
C00025,Meera Sharma,Small Business,Female,55+,2024-01-06
C00026,Rohan Menon,Corporate,Female,45-54,2023-06-22
C00027,Vivaan Patel,Consumer,Female,25-34,2023-10-26
C00028,Priya Chatterjee,Corporate,Male,45-54,2023-03-22
C00029,Aditya Rao,Consumer,Male,35-44,2022-03-06
C00030,Farhan Kapoor,Corporate,Female,35-44,2022-01-06
C00031,Farhan Nair,Corporate,Male,25-34,2022-02-09
C00032,Pooja Kulkarni,Corporate,Female,45-54,2023-07-29
C00033,Diya Gupta,Corporate,Male,45-54,2023-05-29
C00034,Riya Gupta,Consumer,Female,35-44,2024-01-18
C00035,Ananya Kulkarni,Consumer,Male,55+,2024-06-13
C00036,Tanvi Das,Small Business,Female,25-34,2022-06-24
C00037,Pooja Das,Corporate,Male,45-54,2024-08-15
C00038,Nikhil Rao,Consumer,Female,45-54,2024-07-20
C00039,Priya Iyer,Consumer,Male,25-34,2023-09-08
C00040,Sneha Patel,Consumer,Female,18-24,2023-06-15
C00041,Rohan Nair,Consumer,Male,25-34,2022-06-26
C00042,Harsh Iyer,Consumer,Female,45-54,2022-06-28
C00043,Nikhil Ali,Consumer,Male,25-34,2022-01-19
C00044,Aarav Rao,Small Business,Female,35-44,2023-10-08
C00045,Karthik Das,Consumer,Male,18-24,2023-03-10
C00046,Zoya Menon,Consumer,Male,25-34,2022-07-11
C00047,Meera Menon,Consumer,Male,35-44,2022-05-14
C00048,Pooja Pillai,Consumer,Female,18-24,2022-03-05
C00049,Saanvi Chatterjee,Corporate,Female,45-54,2023-10-03
C00050,Pooja Chatterjee,Consumer,Female,18-24,2023-11-17
C00051,Imran Das,Corporate,Male,45-54,2023-09-24
C00052,Nikhil Patel,Corporate,Male,25-34,2022-04-21
C00053,Ananya Gupta,Consumer,Female,55+,2022-02-11
C00054,Harsh Rao,Corporate,Male,35-44,2022-04-17
C00055,Saanvi Gupta,Small Business,Female,18-24,2024-01-22
C00056,Ananya Joshi,Consumer,Male,18-24,2024-01-10
C00057,Aadhya Rao,Consumer,Female,18-24,2022-10-22
C00058,Saanvi Patel,Small Business,Female,35-44,2022-02-25
C00059,Harsh Patel,Small Business,Female,45-54,2022-11-16
C00060,Aditya Das,Consumer,Female,25-34,2024-03-20
C00061,Riya Verma,Consumer,Female,25-34,2022-05-24
C00062,Diya Nair,Consumer,Female,35-44,2024-03-07
C00063,Riya Bose,Corporate,Female,35-44,2023-04-09
C00064,Harsh Das,Consumer,Female,35-44,2022-05-22
C00065,Varun Reddy,Consumer,Male,25-34,2024-07-22
C00066,Nikhil Rao,Corporate,Female,35-44,2023-06-03
C00067,Sameer Mehta,Small Business,Female,55+,2023-11-03
C00068,Riya Khan,Corporate,Male,25-34,2022-04-07
C00069,Riya Kapoor,Consumer,Male,18-24,2023-01-07
C00070,Harsh Chatterjee,Consumer,Female,18-24,2023-09-25
C00071,Ishaan Rao,Small Business,Male,35-44,2023-10-08
C00072,Arjun Joshi,Small Business,Male,25-34,2022-03-04
C00073,Harsh Verma,Consumer,Male,55+,2023-08-28
C00074,Sneha Chatterjee,Corporate,Female,35-44,2024-08-02
C00075,Varun Das,Consumer,Female,35-44,2024-02-26
C00076,Arjun Chatterjee,Consumer,Female,45-54,2022-07-27
C00077,Farhan Rao,Consumer,Male,25-34,2024-07-01
C00078,Harsh Sharma,Consumer,Male,45-54,2023-11-14
C00079,Rahul Sharma,Consumer,Male,18-24,2022-02-26
C00080,Tanvi Joshi,Corporate,Male,35-44,2022-05-09
C00081,Farhan Rao,Consumer,Female,55+,2024-07-10
C00082,Aditya Sharma,Consumer,Female,45-54,2022-07-29
C00083,Aadhya Bose,Consumer,Male,45-54,2022-04-07
C00084,Sai Ali,Consumer,Male,25-34,2023-03-27
C00085,Kabir Gupta,Consumer,Female,45-54,2023-06-10
C00086,Rohan Gupta,Consumer,Female,35-44,2023-07-28
C00087,Meera Sharma,Consumer,Male,35-44,2023-10-21
C00088,Karthik Mehta,Corporate,Female,18-24,2024-09-25
C00089,Tanvi Patel,Small Business,Female,25-34,2024-01-30
C00090,Lakshmi Ali,Consumer,Male,35-44,2022-01-26
C00091,Harsh Das,Small Business,Female,18-24,2022-03-30
C00092,Varun Rao,Small Business,Female,35-44,2022-01-01
C00093,Vivaan Khan,Corporate,Male,45-54,2023-01-31
C00094,Zoya Nair,Corporate,Female,55+,2022-12-17
C00095,Meera Mehta,Corporate,Male,18-24,2024-07-22
C00096,Sai Gupta,Corporate,Female,55+,2023-01-02
C00097,Rohan Singh,Corporate,Female,18-24,2022-01-31
C00098,Kabir Kulkarni,Consumer,Female,25-34,2024-06-02
C00099,Aditya Kulkarni,Small Business,Male,45-54,2022-09-18
C00100,Nikhil Ali,Corporate,Female,18-24,2024-07-01
C00101,Varun Nair,Corporate,Male,18-24,2024-02-14
C00102,Farhan Rao,Consumer,Female,18-24,2024-05-30
C00103,Tanvi Ali,Consumer,Female,35-44,2024-03-30
C00104,Karthik Das,Consumer,Male,45-54,2022-05-24
C00105,Arjun Iyer,Consumer,Male,18-24,2023-09-19
C00106,Saanvi Kapoor,Consumer,Male,18-24,2023-02-17
C00107,Riya Gupta,Consumer,Female,35-44,2023-09-21
C00108,Kabir Rao,Consumer,Female,25-34,2024-01-16
C00109,Sneha Kulkarni,Consumer,Male,35-44,2023-05-16
C00110,Imran Pillai,Consumer,Female,55+,2022-11-09
C00111,Farhan Menon,Small Business,Female,45-54,2024-07-05
C00112,Tanvi Das,Consumer,Male,45-54,2023-10-26
C00113,Arjun Menon,Consumer,Male,35-44,2024-06-04
C00114,Arjun Iyer,Consumer,Female,45-54,2022-08-26
C00115,Lakshmi Mehta,Consumer,Male,25-34,2024-04-18
C00116,Rohan Kapoor,Consumer,Male,18-24,2022-11-20
C00117,Aditya Khan,Corporate,Female,35-44,2023-04-06
C00118,Imran Patel,Small Business,Male,18-24,2024-05-10
C00119,Imran Ali,Consumer,Male,45-54,2022-12-21
C00120,Vivaan Sharma,Corporate,Female,35-44,2022-09-08
C00121,Tanvi Singh,Consumer,Female,55+,2024-07-04
C00122,Riya Gupta,Consumer,Female,25-34,2024-08-22
C00123,Meera Joshi,Consumer,Male,25-34,2022-11-08
C00124,Karthik Nair,Consumer,Female,35-44,2022-11-03
C00125,Rahul Joshi,Corporate,Female,25-34,2022-08-16
C00126,Arjun Das,Corporate,Female,35-44,2022-01-24
C00127,Nikhil Pillai,Corporate,Female,35-44,2023-07-07
C00128,Sai Sharma,Consumer,Female,55+,2022-09-12
C00129,Karthik Gupta,Corporate,Male,35-44,2024-04-29
C00130,Tanvi Singh,Consumer,Male,18-24,2022-06-21
C00131,Farhan Reddy,Consumer,Female,25-34,2023-09-28
C00132,Meera Iyer,Consumer,Female,35-44,2023-05-22
C00133,Karthik Nair,Corporate,Female,18-24,2023-09-04
C00134,Priya Patel,Small Business,Male,25-34,2022-04-23
C00135,Ishaan Verma,Consumer,Male,25-34,2023-04-12
C00136,Riya Chatterjee,Consumer,Male,18-24,2023-09-19
C00137,Ishaan Menon,Corporate,Male,35-44,2022-12-07
C00138,Rohan Kapoor,Corporate,Female,25-34,2024-05-24
C00139,Aisha Kulkarni,Consumer,Female,35-44,2023-06-14
C00140,Kabir Verma,Corporate,Female,25-34,2022-12-29
C00141,Karthik Joshi,Corporate,Male,35-44,2022-01-31
C00142,Harsh Ali,Small Business,Female,25-34,2022-06-18
C00143,Lakshmi Pillai,Consumer,Female,45-54,2023-04-22
C00144,Aadhya Menon,Small Business,Male,18-24,2023-02-05
C00145,Sai Menon,Consumer,Male,35-44,2024-05-21
C00146,Aadhya Sharma,Corporate,Female,25-34,2024-02-25
C00147,Rohan Singh,Consumer,Male,25-34,2022-06-08
C00148,Saanvi Kulkarni,Consumer,Male,25-34,2023-08-15
C00149,Priya Kulkarni,Consumer,Male,45-54,2023-03-31
C00150,Sneha Sharma,Consumer,Male,55+,2022-04-12
C00151,Rohan Bose,Consumer,Female,25-34,2023-10-28
C00152,Neha Patel,Consumer,Male,18-24,2023-06-22
C00153,Riya Chatterjee,Consumer,Male,35-44,2022-03-29
C00154,Saanvi Sharma,Consumer,Male,35-44,2023-04-14
C00155,Diya Chatterjee,Corporate,Male,25-34,2024-01-02
C00156,Sameer Kapoor,Small Business,Male,45-54,2022-11-24
C00157,Farhan Iyer,Corporate,Male,35-44,2022-12-23
C00158,Ananya Verma,Consumer,Male,35-44,2022-04-21
C00159,Aarav Kapoor,Consumer,Male,25-34,2022-07-24
C00160,Tanvi Nair,Small Business,Male,25-34,2024-09-08
C00161,Imran Singh,Consumer,Female,25-34,2023-09-13
C00162,Aditya Chatterjee,Consumer,Male,35-44,2022-06-26
C00163,Lakshmi Rao,Small Business,Female,18-24,2023-04-28
C00164,Imran Das,Small Business,Male,45-54,2022-07-12
C00165,Nikhil Menon,Consumer,Male,45-54,2023-03-19
C00166,Harsh Verma,Corporate,Male,35-44,2022-05-26
C00167,Ishaan Kulkarni,Consumer,Male,18-24,2023-09-11
C00168,Ananya Patel,Corporate,Female,25-34,2023-07-25
C00169,Nikhil Nair,Consumer,Female,25-34,2023-09-26
C00170,Riya Khan,Consumer,Male,35-44,2023-03-20
C00171,Ishaan Kulkarni,Corporate,Male,55+,2022-10-13
C00172,Ishaan Verma,Consumer,Male,25-34,2022-09-07
C00173,Zoya Ali,Corporate,Male,45-54,2022-08-04
C00174,Arjun Bose,Consumer,Male,25-34,2023-03-06
C00175,Neha Kapoor,Small Business,Female,25-34,2023-03-28
C00176,Arjun Kulkarni,Corporate,Female,18-24,2023-11-05
C00177,Rahul Kapoor,Consumer,Male,35-44,2022-02-22
C00178,Aadhya Chatterjee,Corporate,Male,18-24,2022-10-09
C00179,Rahul Iyer,Consumer,Male,25-34,2024-05-02
C00180,Farhan Mehta,Consumer,Male,45-54,2024-07-04
C00181,Diya Singh,Consumer,Male,35-44,2024-07-19
C00182,Saanvi Singh,Small Business,Male,18-24,2022-11-03
C00183,Tanvi Ali,Corporate,Male,18-24,2022-05-18
C00184,Rohan Kulkarni,Small Business,Female,35-44,2022-07-18
C00185,Meera Bose,Small Business,Male,25-34,2022-05-12
C00186,Sameer Gupta,Small Business,Male,25-34,2024-08-12
C00187,Meera Gupta,Consumer,Female,35-44,2024-06-02
C00188,Varun Das,Small Business,Male,25-34,2024-03-21
C00189,Ananya Das,Consumer,Male,35-44,2023-12-31
C00190,Ishaan Das,Consumer,Male,25-34,2022-12-10
C00191,Arjun Verma,Consumer,Female,25-34,2023-04-21
C00192,Imran Verma,Consumer,Male,18-24,2024-04-21
C00193,Karthik Mehta,Consumer,Female,25-34,2024-03-25
C00194,Imran Menon,Consumer,Male,18-24,2023-06-03
C00195,Ishaan Chatterjee,Consumer,Male,25-34,2024-04-17
C00196,Varun Pillai,Consumer,Male,45-54,2022-12-13
C00197,Aditya Sharma,Small Business,Male,45-54,2023-02-18
C00198,Diya Nair,Corporate,Female,25-34,2024-04-19
C00199,Varun Reddy,Consumer,Male,35-44,2023-01-12
C00200,Ananya Kulkarni,Consumer,Male,35-44,2024-01-23
C00201,Pooja Reddy,Consumer,Female,45-54,2023-03-30
C00202,Saanvi Singh,Consumer,Female,25-34,2022-10-25
C00203,Sneha Chatterjee,Corporate,Female,25-34,2022-08-07
C00204,Lakshmi Kulkarni,Consumer,Male,25-34,2023-08-30
C00205,Vivaan Reddy,Corporate,Male,18-24,2023-04-25
C00206,Neha Sharma,Corporate,Male,25-34,2023-01-05
C00207,Aadhya Nair,Consumer,Male,45-54,2024-01-14
C00208,Farhan Verma,Small Business,Female,55+,2022-01-02
C00209,Sai Nair,Consumer,Male,18-24,2022-04-03
C00210,Sai Rao,Small Business,Female,25-34,2024-08-19
C00211,Aadhya Chatterjee,Corporate,Female,25-34,2023-10-26
C00212,Kabir Singh,Corporate,Female,25-34,2023-07-04
C00213,Sneha Pillai,Corporate,Female,35-44,2022-01-15
C00214,Nikhil Reddy,Corporate,Male,18-24,2023-08-22
C00215,Riya Kapoor,Small Business,Male,45-54,2023-03-11
C00216,Varun Pillai,Consumer,Male,55+,2023-08-23
C00217,Sneha Ali,Corporate,Female,35-44,2022-02-11
C00218,Rahul Chatterjee,Corporate,Female,35-44,2023-07-05
C00219,Arjun Patel,Consumer,Female,35-44,2023-08-01
C00220,Arjun Verma,Small Business,Male,25-34,2022-10-18
C00221,Priya Reddy,Consumer,Female,18-24,2022-02-24
C00222,Aisha Menon,Consumer,Female,35-44,2024-08-29
C00223,Rahul Chatterjee,Consumer,Male,18-24,2023-12-11
C00224,Varun Das,Consumer,Male,45-54,2023-09-14
C00225,Diya Mehta,Corporate,Male,25-34,2024-02-07
C00226,Arjun Singh,Consumer,Female,25-34,2023-11-02
C00227,Aisha Nair,Consumer,Male,25-34,2022-05-15
C00228,Rahul Patel,Consumer,Female,55+,2023-03-31
C00229,Ishaan Joshi,Consumer,Male,25-34,2024-06-07
C00230,Ishaan Joshi,Corporate,Female,18-24,2022-10-15
C00231,Sai Menon,Small Business,Male,25-34,2024-08-30
C00232,Pooja Reddy,Consumer,Male,35-44,2022-03-06
C00233,Nikhil Bose,Consumer,Male,55+,2022-11-27
C00234,Farhan Nair,Consumer,Female,25-34,2022-12-17
C00235,Imran Chatterjee,Corporate,Female,45-54,2023-09-10
C00236,Sameer Nair,Consumer,Male,25-34,2022-06-26
C00237,Pooja Iyer,Consumer,Male,35-44,2022-08-18
C00238,Karthik Gupta,Consumer,Female,18-24,2023-10-25
C00239,Riya Singh,Corporate,Female,25-34,2022-10-12
C00240,Aarav Singh,Consumer,Female,35-44,2024-05-29
C00241,Tanvi Menon,Consumer,Female,35-44,2024-05-20
C00242,Ananya Kulkarni,Corporate,Female,25-34,2022-10-30
C00243,Aditya Gupta,Corporate,Female,45-54,2023-07-14
C00244,Riya Gupta,Consumer,Female,55+,2022-11-29
C00245,Farhan Menon,Corporate,Female,25-34,2022-12-11
C00246,Harsh Verma,Small Business,Male,35-44,2023-11-02
C00247,Sameer Rao,Consumer,Female,45-54,2022-10-21
C00248,Kabir Reddy,Corporate,Female,25-34,2022-05-30
C00249,Imran Pillai,Consumer,Female,45-54,2022-09-17
C00250,Rahul Verma,Corporate,Male,25-34,2024-07-18
C00251,Karthik Kulkarni,Consumer,Female,45-54,2022-09-17
C00252,Aarav Gupta,Corporate,Female,18-24,2022-12-30
C00253,Priya Ali,Consumer,Female,25-34,2023-09-21
C00254,Ananya Gupta,Consumer,Female,35-44,2022-04-12
C00255,Imran Verma,Small Business,Female,35-44,2022-09-26
C00256,Pooja Kapoor,Consumer,Female,45-54,2022-06-24
C00257,Imran Pillai,Small Business,Male,55+,2024-07-13
C00258,Sameer Mehta,Small Business,Female,18-24,2024-07-21
C00259,Farhan Menon,Small Business,Female,25-34,2024-01-26
C00260,Meera Pillai,Consumer,Male,25-34,2022-09-05
C00261,Ishaan Ali,Corporate,Male,25-34,2023-09-09
C00262,Nikhil Pillai,Consumer,Male,25-34,2023-10-25
C00263,Diya Patel,Consumer,Female,45-54,2024-05-19
C00264,Meera Joshi,Small Business,Female,45-54,2022-06-06
C00265,Nikhil Joshi,Corporate,Female,18-24,2024-01-07
C00266,Farhan Kulkarni,Consumer,Male,25-34,2022-07-14
C00267,Imran Das,Consumer,Female,35-44,2023-07-23
C00268,Karthik Menon,Corporate,Male,25-34,2024-05-29
C00269,Rahul Kapoor,Corporate,Male,18-24,2022-03-04
C00270,Saanvi Singh,Consumer,Male,25-34,2022-05-29
C00271,Vivaan Bose,Small Business,Female,25-34,2024-03-24
C00272,Priya Gupta,Consumer,Male,25-34,2022-01-19
C00273,Riya Reddy,Consumer,Female,35-44,2023-11-17
C00274,Karthik Bose,Corporate,Male,25-34,2023-05-17
C00275,Aadhya Iyer,Small Business,Male,35-44,2022-12-13
C00276,Saanvi Nair,Consumer,Male,35-44,2024-05-12
C00277,Saanvi Pillai,Consumer,Female,45-54,2024-04-28
C00278,Arjun Bose,Consumer,Male,18-24,2022-11-22
C00279,Rohan Ali,Small Business,Female,18-24,2022-01-05
C00280,Imran Khan,Consumer,Female,25-34,2022-05-09
C00281,Neha Iyer,Consumer,Female,25-34,2022-04-18
C00282,Aditya Kulkarni,Small Business,Male,25-34,2024-09-09
C00283,Pooja Nair,Consumer,Male,45-54,2023-08-20
C00284,Ananya Nair,Consumer,Female,25-34,2023-11-08
C00285,Saanvi Khan,Consumer,Male,18-24,2022-08-19
C00286,Diya Singh,Corporate,Male,25-34,2024-04-30
C00287,Ishaan Ali,Consumer,Female,45-54,2023-12-24
C00288,Imran Mehta,Consumer,Male,45-54,2024-01-23
C00289,Ishaan Bose,Consumer,Male,35-44,2023-04-14
C00290,Varun Nair,Corporate,Female,35-44,2023-11-30
C00291,Sameer Das,Corporate,Female,35-44,2023-06-29
C00292,Nikhil Gupta,Consumer,Male,35-44,2023-01-20
C00293,Pooja Iyer,Consumer,Female,25-34,2023-08-18
C00294,Saanvi Khan,Small Business,Male,35-44,2022-11-21
C00295,Kabir Patel,Consumer,Female,45-54,2024-08-10
C00296,Saanvi Iyer,Consumer,Female,25-34,2023-12-18
C00297,Imran Rao,Consumer,Female,35-44,2024-01-09
C00298,Pooja Bose,Consumer,Male,25-34,2023-12-18
C00299,Sai Verma,Consumer,Male,35-44,2023-03-25
C00300,Aisha Gupta,Consumer,Male,18-24,2024-08-08
C00301,Kabir Mehta,Consumer,Female,35-44,2022-07-27
C00302,Karthik Bose,Consumer,Male,45-54,2023-07-23
C00303,Arjun Kapoor,Corporate,Male,18-24,2022-03-11
C00304,Rohan Menon,Consumer,Female,25-34,2022-10-22
C00305,Meera Kapoor,Consumer,Male,18-24,2023-07-29
C00306,Ananya Reddy,Corporate,Female,18-24,2023-05-05
C00307,Aadhya Das,Consumer,Male,55+,2024-07-30
C00308,Ishaan Nair,Corporate,Male,25-34,2023-09-06
C00309,Rohan Gupta,Consumer,Female,25-34,2023-02-16
C00310,Aadhya Das,Corporate,Female,25-34,2023-03-03
C00311,Imran Reddy,Consumer,Male,55+,2023-09-04
C00312,Farhan Mehta,Consumer,Female,25-34,2024-03-02
C00313,Ishaan Patel,Consumer,Female,35-44,2022-10-04
C00314,Ishaan Khan,Consumer,Female,25-34,2023-08-08
C00315,Aadhya Iyer,Consumer,Male,18-24,2023-07-29
C00316,Aarav Menon,Corporate,Female,35-44,2022-01-10
C00317,Imran Patel,Corporate,Female,18-24,2024-07-01
C00318,Varun Das,Consumer,Male,35-44,2023-07-24
C00319,Farhan Reddy,Small Business,Female,25-34,2022-08-31
C00320,Neha Mehta,Corporate,Male,35-44,2023-09-26
C00321,Vivaan Chatterjee,Small Business,Male,45-54,2023-11-09
C00322,Aadhya Gupta,Corporate,Male,35-44,2024-07-04
C00323,Rahul Pillai,Corporate,Female,18-24,2022-02-04
C00324,Aarav Ali,Consumer,Male,35-44,2023-02-18
C00325,Rahul Kulkarni,Corporate,Male,55+,2022-06-30
C00326,Priya Pillai,Small Business,Female,25-34,2023-07-29
C00327,Meera Ali,Consumer,Female,25-34,2023-05-17
C00328,Pooja Chatterjee,Consumer,Female,45-54,2023-04-20
C00329,Riya Mehta,Consumer,Female,25-34,2024-09-09
C00330,Aadhya Gupta,Small Business,Female,35-44,2023-06-16
C00331,Sameer Verma,Consumer,Female,35-44,2023-02-16
C00332,Imran Sharma,Corporate,Female,18-24,2022-03-09
C00333,Karthik Gupta,Corporate,Female,35-44,2022-10-17
C00334,Priya Gupta,Small Business,Female,35-44,2024-06-16
C00335,Priya Menon,Consumer,Male,25-34,2023-03-28
C00336,Meera Rao,Corporate,Female,45-54,2024-06-29
C00337,Sameer Rao,Small Business,Female,25-34,2023-06-17
C00338,Sneha Kapoor,Consumer,Female,25-34,2023-07-03
C00339,Harsh Iyer,Corporate,Female,45-54,2023-03-06
C00340,Imran Reddy,Consumer,Female,25-34,2023-07-11
C00341,Ishaan Mehta,Corporate,Female,45-54,2022-03-08
C00342,Aditya Kapoor,Consumer,Male,18-24,2022-02-27
C00343,Nikhil Kulkarni,Consumer,Male,25-34,2023-04-21
C00344,Zoya Ali,Consumer,Male,18-24,2023-08-21
C00345,Arjun Ali,Consumer,Male,35-44,2023-07-05
C00346,Sai Patel,Consumer,Male,45-54,2023-03-06
C00347,Arjun Menon,Corporate,Female,45-54,2022-10-22
C00348,Sameer Khan,Consumer,Male,55+,2023-12-11
C00349,Pooja Pillai,Consumer,Male,35-44,2023-08-28
C00350,Rahul Chatterjee,Corporate,Male,45-54,2022-02-17
C00351,Aisha Patel,Corporate,Male,35-44,2023-03-29
C00352,Harsh Rao,Consumer,Female,55+,2023-12-12
C00353,Rahul Khan,Small Business,Male,35-44,2024-02-24
C00354,Rohan Nair,Consumer,Male,45-54,2022-10-14
C00355,Rohan Nair,Corporate,Female,25-34,2024-07-13
C00356,Sameer Verma,Consumer,Female,25-34,2023-10-14
C00357,Rahul Chatterjee,Corporate,Male,35-44,2023-03-14
C00358,Sameer Menon,Small Business,Female,25-34,2023-09-20
C00359,Vivaan Kapoor,Corporate,Female,25-34,2024-05-21
C00360,Aarav Joshi,Consumer,Female,55+,2022-08-15
C00361,Zoya Nair,Corporate,Male,25-34,2022-05-31
C00362,Sameer Nair,Consumer,Female,25-34,2023-03-17
C00363,Rohan Kapoor,Corporate,Female,25-34,2022-03-25
C00364,Harsh Khan,Corporate,Female,25-34,2024-04-15
C00365,Farhan Chatterjee,Small Business,Female,35-44,2024-08-28
C00366,Nikhil Iyer,Consumer,Male,55+,2023-08-29
C00367,Ananya Joshi,Consumer,Male,55+,2024-09-06
C00368,Harsh Kapoor,Corporate,Male,35-44,2022-03-10
C00369,Aisha Reddy,Consumer,Male,35-44,2023-09-25
C00370,Tanvi Khan,Consumer,Male,25-34,2023-03-19
C00371,Aadhya Kulkarni,Consumer,Female,45-54,2022-10-05
C00372,Neha Khan,Corporate,Male,25-34,2022-11-08
C00373,Aarav Menon,Consumer,Female,18-24,2023-06-30
C00374,Harsh Menon,Consumer,Male,55+,2023-10-04
C00375,Zoya Khan,Consumer,Male,45-54,2022-06-14
C00376,Nikhil Mehta,Small Business,Female,25-34,2023-09-07
C00377,Rahul Mehta,Corporate,Male,35-44,2024-07-15
C00378,Karthik Das,Consumer,Male,25-34,2022-01-11
C00379,Sameer Kapoor,Consumer,Female,25-34,2024-05-28
C00380,Varun Reddy,Consumer,Male,25-34,2023-08-31
C00381,Zoya Sharma,Consumer,Female,18-24,2022-12-09
C00382,Karthik Rao,Corporate,Female,35-44,2024-01-05
C00383,Aadhya Kulkarni,Consumer,Female,25-34,2023-09-10
C00384,Lakshmi Sharma,Small Business,Female,35-44,2024-02-08
C00385,Rohan Reddy,Consumer,Male,25-34,2022-03-23
C00386,Lakshmi Singh,Corporate,Male,55+,2022-02-28
C00387,Imran Kapoor,Consumer,Male,35-44,2023-10-05
C00388,Nikhil Verma,Small Business,Male,45-54,2022-10-31
C00389,Sai Das,Small Business,Male,18-24,2022-08-27
C00390,Aadhya Bose,Corporate,Female,35-44,2023-02-26
C00391,Sai Das,Consumer,Female,45-54,2023-12-27
C00392,Kabir Nair,Consumer,Male,25-34,2022-06-29
C00393,Ishaan Nair,Corporate,Male,25-34,2024-08-31
C00394,Neha Menon,Corporate,Female,25-34,2023-02-25
C00395,Meera Gupta,Consumer,Male,25-34,2022-05-31
C00396,Sameer Ali,Consumer,Female,25-34,2022-03-13
C00397,Riya Pillai,Consumer,Female,25-34,2024-05-07
C00398,Sameer Joshi,Corporate,Female,25-34,2022-04-24
C00399,Sai Kulkarni,Corporate,Female,35-44,2023-02-23
C00400,Sai Menon,Corporate,Female,18-24,2023-10-31
C00401,Sneha Menon,Corporate,Male,25-34,2023-05-29
C00402,Kabir Chatterjee,Consumer,Male,35-44,2022-09-20
C00403,Aditya Reddy,Consumer,Male,25-34,2022-04-18
C00404,Harsh Bose,Consumer,Female,25-34,2023-12-13
C00405,Aditya Mehta,Corporate,Male,25-34,2023-05-06
C00406,Harsh Verma,Consumer,Male,18-24,2022-02-18
C00407,Aisha Gupta,Consumer,Female,25-34,2022-07-01
C00408,Arjun Reddy,Consumer,Female,18-24,2023-07-17
C00409,Ishaan Nair,Consumer,Female,25-34,2022-06-18
C00410,Aisha Gupta,Corporate,Male,55+,2023-01-27
C00411,Kabir Khan,Consumer,Male,55+,2022-05-05
C00412,Ishaan Mehta,Consumer,Male,25-34,2024-03-07
C00413,Rohan Chatterjee,Corporate,Male,25-34,2023-09-23
C00414,Neha Kapoor,Consumer,Male,25-34,2024-02-23
C00415,Sneha Khan,Consumer,Female,45-54,2022-02-22
C00416,Rahul Khan,Consumer,Male,45-54,2023-01-11
C00417,Arjun Khan,Corporate,Female,18-24,2022-09-25
C00418,Ananya Iyer,Consumer,Male,18-24,2023-09-15
C00419,Aarav Chatterjee,Corporate,Male,25-34,2024-04-01
C00420,Riya Menon,Small Business,Male,45-54,2022-08-16
C00421,Farhan Reddy,Corporate,Female,45-54,2024-02-09
C00422,Aisha Kapoor,Consumer,Male,18-24,2023-08-04
C00423,Rahul Das,Corporate,Male,35-44,2024-04-04
C00424,Kabir Sharma,Consumer,Male,18-24,2022-03-23
C00425,Aditya Nair,Consumer,Male,35-44,2024-09-17
C00426,Nikhil Pillai,Consumer,Female,55+,2023-03-11
C00427,Meera Mehta,Consumer,Female,25-34,2022-10-08
C00428,Sai Reddy,Consumer,Female,18-24,2022-07-02
C00429,Saanvi Chatterjee,Consumer,Male,35-44,2024-09-11
C00430,Rahul Ali,Consumer,Female,25-34,2024-06-02
C00431,Kabir Kapoor,Consumer,Male,45-54,2022-05-12
C00432,Aditya Reddy,Consumer,Female,25-34,2023-03-21
C00433,Riya Verma,Small Business,Male,45-54,2024-01-04
C00434,Varun Ali,Consumer,Female,25-34,2023-08-14
C00435,Neha Patel,Corporate,Male,18-24,2022-07-09
C00436,Aditya Pillai,Consumer,Female,25-34,2022-12-27
C00437,Neha Mehta,Consumer,Female,18-24,2023-01-04
C00438,Rahul Iyer,Consumer,Male,25-34,2022-10-16
C00439,Arjun Mehta,Consumer,Female,35-44,2024-08-18
C00440,Sai Chatterjee,Consumer,Female,18-24,2022-07-22
C00441,Arjun Bose,Consumer,Female,18-24,2023-12-08
C00442,Harsh Menon,Consumer,Male,18-24,2024-06-30
C00443,Vivaan Ali,Consumer,Female,18-24,2024-03-05
C00444,Ishaan Singh,Consumer,Female,45-54,2024-03-10
C00445,Harsh Bose,Consumer,Male,55+,2022-06-08
C00446,Vivaan Kapoor,Consumer,Male,18-24,2022-05-14
C00447,Sai Bose,Consumer,Female,45-54,2024-02-22
C00448,Rahul Khan,Consumer,Female,35-44,2024-01-17
C00449,Aisha Iyer,Consumer,Female,55+,2024-01-12
C00450,Harsh Reddy,Consumer,Female,25-34,2023-02-23
C00451,Diya Singh,Consumer,Male,25-34,2023-06-08
C00452,Zoya Singh,Small Business,Female,25-34,2022-01-16
C00453,Riya Rao,Consumer,Male,45-54,2022-10-19
C00454,Varun Das,Consumer,Male,35-44,2023-06-13
C00455,Pooja Mehta,Consumer,Female,25-34,2022-05-06
C00456,Tanvi Chatterjee,Small Business,Female,25-34,2022-05-11
C00457,Nikhil Reddy,Corporate,Female,35-44,2022-02-15
C00458,Nikhil Bose,Corporate,Male,45-54,2022-07-29
C00459,Ananya Joshi,Small Business,Male,25-34,2024-09-19
C00460,Kabir Singh,Consumer,Female,35-44,2023-11-28
C00461,Nikhil Nair,Small Business,Female,25-34,2024-08-06
C00462,Aadhya Mehta,Consumer,Male,25-34,2022-09-15
C00463,Meera Kulkarni,Corporate,Female,35-44,2023-08-22
C00464,Aarav Bose,Consumer,Female,45-54,2024-06-10
C00465,Pooja Chatterjee,Consumer,Female,55+,2022-12-19
C00466,Sai Kulkarni,Small Business,Male,25-34,2023-10-20
C00467,Saanvi Das,Consumer,Male,25-34,2023-11-24
C00468,Aadhya Pillai,Small Business,Female,25-34,2024-04-12
C00469,Sneha Gupta,Consumer,Female,18-24,2024-08-27
C00470,Aditya Kulkarni,Corporate,Female,25-34,2023-09-08
C00471,Rohan Verma,Small Business,Male,18-24,2023-08-06
C00472,Karthik Menon,Consumer,Female,25-34,2024-05-18
C00473,Rahul Ali,Small Business,Female,25-34,2023-11-16
C00474,Aditya Khan,Consumer,Female,25-34,2022-12-28
C00475,Riya Mehta,Corporate,Male,45-54,2023-09-23
C00476,Rahul Das,Consumer,Female,25-34,2023-07-04
C00477,Rahul Kulkarni,Consumer,Male,35-44,2022-08-17
C00478,Priya Ali,Corporate,Male,45-54,2023-05-31
C00479,Nikhil Patel,Consumer,Male,35-44,2023-09-16
C00480,Kabir Mehta,Consumer,Female,25-34,2024-06-22
C00481,Rohan Patel,Consumer,Female,25-34,2023-08-04
C00482,Kabir Pillai,Small Business,Female,35-44,2022-06-14
C00483,Ananya Joshi,Consumer,Female,35-44,2024-09-14
C00484,Tanvi Kapoor,Corporate,Male,18-24,2023-08-02
C00485,Tanvi Sharma,Small Business,Female,25-34,2022-10-15
C00486,Meera Reddy,Consumer,Female,35-44,2024-01-25
C00487,Farhan Bose,Consumer,Male,25-34,2023-01-20
C00488,Diya Rao,Corporate,Female,35-44,2023-01-06
C00489,Rahul Gupta,Consumer,Female,18-24,2024-04-19
C00490,Priya Verma,Corporate,Male,25-34,2024-05-17
C00491,Meera Patel,Corporate,Male,45-54,2023-06-08
C00492,Pooja Ali,Corporate,Male,25-34,2023-01-09
C00493,Sameer Sharma,Consumer,Female,35-44,2024-05-13
C00494,Varun Das,Corporate,Male,25-34,2022-06-23
C00495,Aisha Chatterjee,Corporate,Male,25-34,2024-01-18
C00496,Lakshmi Verma,Consumer,Female,55+,2023-08-08
C00497,Aadhya Bose,Consumer,Female,25-34,2024-05-04
C00498,Neha Khan,Small Business,Male,25-34,2023-02-25
C00499,Riya Ali,Corporate,Female,45-54,2024-04-12
C00500,Rohan Bose,Consumer,Female,35-44,2022-01-16
C00501,Sameer Ali,Consumer,Male,35-44,2024-01-29
C00502,Ananya Reddy,Consumer,Male,18-24,2022-03-11
C00503,Neha Singh,Consumer,Female,18-24,2023-10-05
C00504,Aisha Mehta,Consumer,Male,35-44,2022-07-15
C00505,Nikhil Reddy,Small Business,Male,25-34,2024-08-21
C00506,Nikhil Reddy,Consumer,Male,25-34,2024-02-09
C00507,Aisha Sharma,Corporate,Female,45-54,2022-04-15
C00508,Aadhya Kulkarni,Consumer,Female,25-34,2024-06-11
C00509,Meera Bose,Consumer,Male,18-24,2022-09-09
C00510,Arjun Pillai,Consumer,Female,18-24,2023-06-30
C00511,Saanvi Bose,Consumer,Male,25-34,2022-03-27
C00512,Farhan Singh,Corporate,Male,35-44,2022-04-16
C00513,Arjun Gupta,Small Business,Female,45-54,2022-08-30
C00514,Arjun Menon,Small Business,Male,18-24,2023-06-19
C00515,Vivaan Pillai,Consumer,Male,25-34,2023-06-27
C00516,Diya Reddy,Corporate,Male,35-44,2024-05-05
C00517,Aarav Ali,Consumer,Male,25-34,2022-06-15
C00518,Varun Kapoor,Small Business,Male,25-34,2024-01-20
C00519,Vivaan Patel,Consumer,Male,55+,2022-01-06
C00520,Harsh Rao,Consumer,Male,35-44,2022-10-19
C00521,Arjun Iyer,Consumer,Male,25-34,2022-06-25
C00522,Kabir Kulkarni,Consumer,Female,55+,2022-05-04
C00523,Ishaan Chatterjee,Consumer,Female,18-24,2023-08-08
C00524,Zoya Chatterjee,Small Business,Female,55+,2024-06-19
C00525,Pooja Patel,Corporate,Male,35-44,2023-10-29
C00526,Pooja Nair,Small Business,Female,35-44,2024-05-04
C00527,Ananya Reddy,Consumer,Male,55+,2023-08-15
C00528,Arjun Verma,Corporate,Female,35-44,2022-02-23
C00529,Ishaan Iyer,Consumer,Female,25-34,2022-12-12
C00530,Saanvi Verma,Consumer,Female,25-34,2024-04-03
C00531,Vivaan Kulkarni,Consumer,Male,35-44,2022-02-14
C00532,Aditya Verma,Consumer,Male,35-44,2022-04-08
C00533,Aarav Iyer,Consumer,Male,25-34,2024-04-13
C00534,Riya Kapoor,Consumer,Male,35-44,2022-03-05
C00535,Sameer Rao,Consumer,Female,35-44,2024-08-17
C00536,Aditya Mehta,Corporate,Male,25-34,2024-01-29
C00537,Vivaan Pillai,Consumer,Female,18-24,2023-10-28
C00538,Aisha Ali,Small Business,Female,25-34,2023-06-21
C00539,Diya Pillai,Consumer,Male,18-24,2022-03-31
C00540,Meera Singh,Corporate,Male,18-24,2023-02-19
C00541,Tanvi Bose,Corporate,Female,25-34,2024-03-18
C00542,Aisha Menon,Corporate,Male,18-24,2024-06-22
C00543,Imran Patel,Corporate,Female,25-34,2023-03-23
C00544,Ishaan Gupta,Small Business,Male,35-44,2024-04-19
C00545,Aditya Nair,Corporate,Male,25-34,2024-02-16
C00546,Aisha Mehta,Consumer,Male,55+,2022-02-27
C00547,Nikhil Khan,Consumer,Male,55+,2023-09-13
C00548,Aisha Nair,Corporate,Male,35-44,2023-09-09
C00549,Sameer Reddy,Consumer,Female,55+,2023-06-27
C00550,Nikhil Kapoor,Consumer,Male,45-54,2024-02-12
C00551,Zoya Patel,Consumer,Female,25-34,2024-06-08
C00552,Tanvi Joshi,Consumer,Female,35-44,2023-07-05
C00553,Sneha Ali,Consumer,Male,18-24,2022-11-17
C00554,Lakshmi Verma,Corporate,Male,35-44,2024-09-10
C00555,Lakshmi Mehta,Corporate,Female,25-34,2024-08-21
C00556,Rohan Patel,Corporate,Female,18-24,2023-11-18
C00557,Sameer Reddy,Consumer,Male,25-34,2023-10-03
C00558,Meera Joshi,Consumer,Female,55+,2022-04-15
C00559,Sneha Chatterjee,Consumer,Female,25-34,2023-02-06
C00560,Arjun Khan,Consumer,Female,25-34,2022-07-18
C00561,Harsh Rao,Corporate,Female,25-34,2023-05-30
C00562,Kabir Khan,Consumer,Male,25-34,2024-04-06
C00563,Aadhya Rao,Small Business,Male,45-54,2022-08-13
C00564,Ananya Pillai,Consumer,Male,35-44,2024-09-23
C00565,Meera Pillai,Corporate,Female,25-34,2022-05-10
C00566,Sai Pillai,Corporate,Male,25-34,2022-04-09
C00567,Farhan Iyer,Consumer,Male,18-24,2024-09-01
C00568,Diya Joshi,Corporate,Female,25-34,2022-04-11
C00569,Rahul Joshi,Consumer,Female,45-54,2024-01-06
C00570,Neha Joshi,Corporate,Female,35-44,2024-02-03
C00571,Rahul Verma,Corporate,Male,25-34,2022-11-27
C00572,Sameer Menon,Consumer,Male,35-44,2022-03-06
C00573,Vivaan Menon,Consumer,Female,25-34,2022-11-05
C00574,Meera Verma,Corporate,Female,35-44,2022-03-10
C00575,Harsh Reddy,Consumer,Female,35-44,2023-11-04
C00576,Diya Menon,Small Business,Male,35-44,2024-06-07
C00577,Pooja Bose,Corporate,Female,35-44,2024-09-24
C00578,Nikhil Reddy,Corporate,Female,55+,2024-03-11
C00579,Varun Kapoor,Consumer,Female,25-34,2024-02-14
C00580,Meera Singh,Corporate,Male,18-24,2024-05-31
C00581,Vivaan Mehta,Small Business,Female,25-34,2024-02-09
C00582,Tanvi Gupta,Consumer,Male,35-44,2023-10-13
C00583,Neha Gupta,Consumer,Male,35-44,2024-09-23
C00584,Aditya Pillai,Consumer,Male,35-44,2022-11-19
C00585,Imran Chatterjee,Consumer,Female,35-44,2023-02-17
C00586,Farhan Gupta,Corporate,Female,25-34,2024-06-25
C00587,Tanvi Singh,Consumer,Female,35-44,2022-11-08
C00588,Sneha Pillai,Consumer,Male,35-44,2022-10-26
C00589,Harsh Bose,Consumer,Male,25-34,2022-06-02
C00590,Arjun Verma,Consumer,Male,25-34,2022-10-03
C00591,Aisha Singh,Consumer,Male,25-34,2023-08-17
C00592,Zoya Gupta,Small Business,Male,25-34,2024-06-05
C00593,Riya Chatterjee,Corporate,Female,45-54,2022-05-17
C00594,Aadhya Gupta,Consumer,Male,45-54,2023-11-12
C00595,Neha Gupta,Corporate,Male,35-44,2024-02-06
C00596,Harsh Kulkarni,Consumer,Female,25-34,2024-06-14
C00597,Riya Gupta,Consumer,Male,35-44,2024-01-21
C00598,Karthik Nair,Consumer,Female,35-44,2022-06-05
C00599,Aisha Reddy,Small Business,Female,25-34,2023-05-04
C00600,Sai Verma,Corporate,Female,45-54,2024-08-10
C00601,Karthik Sharma,Corporate,Female,18-24,2024-06-27
C00602,Sneha Menon,Consumer,Female,18-24,2023-09-05
C00603,Aadhya Mehta,Consumer,Female,18-24,2024-08-21
C00604,Neha Bose,Corporate,Male,18-24,2023-10-31
C00605,Imran Sharma,Consumer,Female,45-54,2022-03-06
C00606,Rohan Rao,Small Business,Female,25-34,2024-07-03
C00607,Harsh Nair,Corporate,Male,25-34,2022-06-18
C00608,Arjun Chatterjee,Consumer,Female,25-34,2023-01-16
C00609,Harsh Nair,Corporate,Female,25-34,2022-08-27
C00610,Aisha Pillai,Small Business,Female,25-34,2023-12-21
C00611,Ishaan Patel,Consumer,Male,18-24,2022-01-30
C00612,Saanvi Pillai,Corporate,Female,35-44,2023-10-03
C00613,Diya Menon,Small Business,Male,18-24,2024-05-14
C00614,Ananya Mehta,Consumer,Female,45-54,2024-02-27
C00615,Sai Reddy,Small Business,Female,25-34,2022-11-03
C00616,Kabir Chatterjee,Consumer,Male,35-44,2024-06-15
C00617,Tanvi Singh,Corporate,Male,45-54,2022-12-29
C00618,Sai Mehta,Corporate,Female,18-24,2023-11-12
C00619,Priya Kapoor,Corporate,Female,18-24,2023-05-22
C00620,Aadhya Kulkarni,Consumer,Male,55+,2022-03-09
C00621,Pooja Reddy,Corporate,Female,25-34,2022-01-03
C00622,Imran Khan,Consumer,Female,35-44,2022-07-03
C00623,Aadhya Khan,Consumer,Male,18-24,2024-07-23
C00624,Zoya Khan,Consumer,Female,25-34,2024-08-11
C00625,Sneha Rao,Corporate,Male,35-44,2023-02-15
C00626,Sameer Kulkarni,Consumer,Male,45-54,2024-08-26
C00627,Aarav Kulkarni,Consumer,Male,25-34,2022-02-19
C00628,Arjun Singh,Small Business,Female,45-54,2024-08-25
C00629,Aadhya Pillai,Consumer,Female,35-44,2022-08-19
C00630,Imran Ali,Consumer,Female,18-24,2022-02-06
C00631,Aisha Chatterjee,Consumer,Female,25-34,2024-01-28
C00632,Diya Reddy,Consumer,Male,25-34,2023-01-18
C00633,Saanvi Singh,Corporate,Male,25-34,2022-10-20
C00634,Zoya Kapoor,Consumer,Male,35-44,2024-01-30
C00635,Rohan Patel,Consumer,Male,25-34,2022-11-30
C00636,Tanvi Menon,Small Business,Male,25-34,2024-01-23
C00637,Kabir Kulkarni,Corporate,Female,35-44,2022-07-15
C00638,Meera Kulkarni,Corporate,Female,35-44,2022-03-27
C00639,Farhan Chatterjee,Small Business,Female,35-44,2022-11-21
C00640,Karthik Mehta,Small Business,Male,35-44,2023-09-02
C00641,Tanvi Khan,Consumer,Female,25-34,2022-08-13
C00642,Vivaan Patel,Corporate,Male,35-44,2022-05-23
C00643,Sneha Singh,Corporate,Female,25-34,2024-01-20
C00644,Aditya Rao,Consumer,Male,25-34,2023-05-09
C00645,Ishaan Singh,Consumer,Male,18-24,2023-03-08
C00646,Karthik Pillai,Consumer,Female,35-44,2022-08-28
C00647,Aisha Menon,Corporate,Female,35-44,2022-01-18
C00648,Zoya Bose,Corporate,Female,25-34,2022-02-23
C00649,Pooja Patel,Corporate,Female,45-54,2023-11-13
C00650,Aisha Patel,Consumer,Female,45-54,2022-03-22
C00651,Riya Iyer,Consumer,Male,18-24,2022-09-04
C00652,Aisha Nair,Consumer,Female,35-44,2024-06-29
C00653,Riya Ali,Consumer,Female,25-34,2022-12-10
C00654,Harsh Menon,Small Business,Male,55+,2024-01-15
C00655,Vivaan Reddy,Small Business,Male,25-34,2022-12-10
C00656,Arjun Mehta,Small Business,Female,25-34,2024-07-20
C00657,Harsh Rao,Small Business,Male,25-34,2024-04-01
C00658,Ishaan Sharma,Small Business,Female,25-34,2023-04-15
C00659,Harsh Patel,Consumer,Female,35-44,2023-11-16
C00660,Arjun Nair,Consumer,Female,25-34,2023-02-18
C00661,Kabir Joshi,Consumer,Female,25-34,2024-08-02
C00662,Lakshmi Khan,Consumer,Female,35-44,2022-12-25
C00663,Zoya Verma,Consumer,Male,45-54,2024-04-16
C00664,Aarav Verma,Consumer,Female,45-54,2023-09-09
C00665,Farhan Rao,Small Business,Female,25-34,2023-10-06
C00666,Pooja Sharma,Consumer,Female,25-34,2022-12-18
C00667,Aarav Kapoor,Small Business,Female,25-34,2024-04-12
C00668,Arjun Nair,Corporate,Female,45-54,2024-01-17
C00669,Riya Pillai,Corporate,Male,35-44,2024-03-26
C00670,Rohan Menon,Corporate,Male,35-44,2024-03-12
C00671,Zoya Menon,Consumer,Male,45-54,2022-06-07
C00672,Saanvi Verma,Corporate,Female,18-24,2024-05-25
C00673,Meera Kapoor,Consumer,Male,35-44,2024-04-21
C00674,Rahul Ali,Small Business,Male,25-34,2022-08-31
C00675,Arjun Sharma,Consumer,Male,18-24,2024-09-08
C00676,Neha Nair,Consumer,Female,25-34,2023-06-12
C00677,Karthik Chatterjee,Corporate,Male,25-34,2022-11-18
C00678,Aadhya Singh,Corporate,Female,55+,2022-08-12
C00679,Zoya Nair,Consumer,Male,25-34,2022-12-31
C00680,Lakshmi Reddy,Corporate,Female,45-54,2022-02-07
C00681,Pooja Joshi,Consumer,Male,35-44,2023-11-22
C00682,Sai Bose,Corporate,Female,35-44,2023-12-09
C00683,Ishaan Rao,Consumer,Male,55+,2023-10-30
C00684,Tanvi Kulkarni,Consumer,Female,25-34,2023-07-03
C00685,Lakshmi Gupta,Consumer,Male,25-34,2022-12-29
C00686,Neha Patel,Consumer,Female,25-34,2023-12-25
C00687,Farhan Gupta,Consumer,Male,25-34,2024-05-21
C00688,Nikhil Das,Consumer,Male,45-54,2022-03-29
C00689,Sameer Reddy,Consumer,Female,25-34,2023-01-18
C00690,Sameer Sharma,Consumer,Female,25-34,2024-09-22
C00691,Arjun Das,Consumer,Male,25-34,2024-05-11
C00692,Priya Bose,Consumer,Female,25-34,2024-09-21
C00693,Aadhya Sharma,Corporate,Female,35-44,2022-07-03
C00694,Diya Menon,Small Business,Male,25-34,2023-04-10
C00695,Neha Pillai,Consumer,Female,35-44,2022-05-11
C00696,Kabir Pillai,Small Business,Female,35-44,2024-05-16
C00697,Rahul Mehta,Consumer,Female,45-54,2023-06-03
C00698,Riya Kapoor,Consumer,Female,25-34,2022-09-01
C00699,Rohan Bose,Corporate,Female,35-44,2022-04-01
C00700,Vivaan Iyer,Corporate,Female,18-24,2024-01-08
C00701,Varun Gupta,Corporate,Female,25-34,2024-03-22
C00702,Rahul Pillai,Consumer,Female,35-44,2024-05-29
C00703,Zoya Reddy,Corporate,Female,35-44,2024-08-29
C00704,Ishaan Sharma,Consumer,Female,25-34,2024-03-25
C00705,Varun Reddy,Consumer,Female,45-54,2024-02-26
C00706,Karthik Gupta,Consumer,Male,18-24,2024-03-22
C00707,Sai Menon,Small Business,Female,35-44,2024-09-25
C00708,Aditya Nair,Consumer,Male,55+,2023-04-09
C00709,Sai Kapoor,Corporate,Male,35-44,2024-01-29
C00710,Karthik Chatterjee,Corporate,Male,45-54,2024-03-30
C00711,Meera Reddy,Corporate,Male,35-44,2022-04-27
C00712,Rahul Chatterjee,Corporate,Female,45-54,2023-11-22
C00713,Riya Sharma,Small Business,Male,35-44,2022-12-05
C00714,Diya Chatterjee,Consumer,Female,35-44,2022-05-13
C00715,Riya Kulkarni,Consumer,Male,25-34,2022-06-20
C00716,Riya Sharma,Corporate,Female,35-44,2022-04-25
C00717,Lakshmi Mehta,Consumer,Female,25-34,2024-06-16
C00718,Imran Kulkarni,Consumer,Female,55+,2024-02-11
C00719,Ishaan Chatterjee,Consumer,Female,25-34,2022-04-13
C00720,Rohan Kulkarni,Consumer,Female,25-34,2023-09-18
C00721,Ishaan Rao,Consumer,Male,45-54,2023-10-23
C00722,Nikhil Verma,Consumer,Female,25-34,2023-06-04
C00723,Aditya Kapoor,Small Business,Male,25-34,2023-08-30
C00724,Vivaan Pillai,Consumer,Female,35-44,2024-06-26
C00725,Tanvi Pillai,Small Business,Male,18-24,2023-06-03
C00726,Priya Menon,Small Business,Female,18-24,2023-10-22
C00727,Sneha Rao,Consumer,Female,25-34,2023-07-26
C00728,Riya Nair,Corporate,Female,25-34,2023-02-01
C00729,Sneha Bose,Corporate,Male,25-34,2024-06-09
C00730,Imran Verma,Corporate,Male,18-24,2023-02-18
C00731,Imran Bose,Consumer,Female,25-34,2024-03-10
C00732,Ishaan Kapoor,Consumer,Female,25-34,2023-08-29
C00733,Riya Gupta,Consumer,Male,18-24,2023-11-16
C00734,Imran Singh,Corporate,Male,35-44,2024-01-31
C00735,Neha Patel,Small Business,Female,35-44,2024-01-06
C00736,Farhan Kulkarni,Corporate,Female,18-24,2023-07-19
C00737,Arjun Bose,Corporate,Female,25-34,2023-09-08
C00738,Aarav Das,Small Business,Male,45-54,2023-05-24
C00739,Harsh Nair,Corporate,Male,35-44,2022-12-06
C00740,Saanvi Reddy,Consumer,Female,25-34,2023-12-28
C00741,Imran Gupta,Small Business,Female,25-34,2024-05-28
C00742,Karthik Chatterjee,Consumer,Female,25-34,2023-12-07
C00743,Riya Bose,Consumer,Male,45-54,2024-02-12
C00744,Aditya Reddy,Consumer,Female,55+,2024-04-10
C00745,Tanvi Ali,Small Business,Female,55+,2023-01-03
C00746,Sneha Das,Consumer,Female,25-34,2022-03-04
C00747,Ishaan Ali,Consumer,Female,25-34,2022-12-04
C00748,Nikhil Reddy,Consumer,Male,25-34,2024-01-25
C00749,Karthik Pillai,Consumer,Female,25-34,2024-03-26
C00750,Priya Chatterjee,Consumer,Female,25-34,2023-05-29
C00751,Arjun Khan,Corporate,Male,35-44,2024-02-18
C00752,Aditya Joshi,Small Business,Female,25-34,2022-03-16
C00753,Sneha Kulkarni,Consumer,Female,55+,2023-10-07
C00754,Neha Nair,Consumer,Male,18-24,2023-11-11
C00755,Meera Verma,Consumer,Male,18-24,2023-05-23
C00756,Zoya Joshi,Consumer,Female,45-54,2023-12-18
C00757,Varun Patel,Consumer,Female,35-44,2023-05-07
C00758,Diya Verma,Corporate,Male,25-34,2023-06-08
C00759,Aisha Gupta,Corporate,Female,35-44,2023-08-27
C00760,Sameer Mehta,Consumer,Male,25-34,2024-03-04
C00761,Sai Khan,Consumer,Male,25-34,2022-09-06
C00762,Riya Patel,Consumer,Female,25-34,2022-10-28
C00763,Aarav Kapoor,Consumer,Male,25-34,2023-02-23
C00764,Imran Singh,Small Business,Female,35-44,2022-07-21
C00765,Diya Kapoor,Corporate,Male,25-34,2022-12-01
C00766,Vivaan Menon,Small Business,Female,35-44,2022-12-17
C00767,Pooja Kulkarni,Small Business,Female,45-54,2022-11-11
C00768,Kabir Joshi,Corporate,Male,25-34,2023-02-15
C00769,Ishaan Iyer,Small Business,Male,18-24,2023-05-20
C00770,Aadhya Ali,Consumer,Female,25-34,2023-11-27
C00771,Zoya Gupta,Consumer,Male,45-54,2022-10-30
C00772,Ananya Iyer,Consumer,Female,35-44,2024-04-25
C00773,Ananya Nair,Consumer,Female,35-44,2023-04-25
C00774,Ishaan Joshi,Consumer,Female,25-34,2023-12-22
C00775,Arjun Sharma,Consumer,Female,25-34,2022-04-25
C00776,Neha Khan,Corporate,Male,35-44,2022-06-23
C00777,Meera Iyer,Corporate,Male,25-34,2023-03-30
C00778,Rohan Menon,Corporate,Male,35-44,2023-01-02
C00779,Zoya Menon,Consumer,Female,25-34,2023-05-12
C00780,Neha Singh,Corporate,Male,25-34,2022-06-08
C00781,Ananya Khan,Consumer,Female,35-44,2023-04-19
C00782,Aisha Sharma,Consumer,Male,25-34,2023-11-18
C00783,Zoya Pillai,Consumer,Male,35-44,2023-12-30
C00784,Diya Das,Consumer,Male,25-34,2022-09-06
C00785,Diya Joshi,Consumer,Male,55+,2022-12-11
C00786,Sameer Iyer,Corporate,Female,45-54,2023-06-10
C00787,Aisha Sharma,Corporate,Male,45-54,2023-06-02
C00788,Meera Reddy,Corporate,Male,35-44,2024-03-02
C00789,Aadhya Gupta,Consumer,Female,35-44,2023-01-26
C00790,Diya Das,Corporate,Male,35-44,2023-11-02
C00791,Sameer Kapoor,Corporate,Female,25-34,2024-06-02
C00792,Aarav Das,Consumer,Female,25-34,2022-10-26
C00793,Varun Singh,Corporate,Male,35-44,2024-04-02
C00794,Rohan Rao,Consumer,Male,18-24,2022-11-29
C00795,Sai Sharma,Consumer,Female,18-24,2022-12-01
C00796,Rahul Singh,Consumer,Male,45-54,2023-10-16
C00797,Sameer Patel,Consumer,Male,18-24,2023-09-14
C00798,Varun Menon,Consumer,Female,35-44,2023-07-04
C00799,Sameer Iyer,Consumer,Female,35-44,2022-08-20
C00800,Aditya Mehta,Consumer,Female,25-34,2022-04-07
C00801,Varun Chatterjee,Small Business,Male,45-54,2024-06-27
C00802,Diya Sharma,Consumer,Female,25-34,2024-05-23
C00803,Harsh Pillai,Consumer,Male,45-54,2024-06-05
C00804,Kabir Mehta,Consumer,Male,45-54,2023-05-28
C00805,Farhan Khan,Small Business,Male,25-34,2024-06-03
C00806,Nikhil Mehta,Consumer,Female,18-24,2023-04-19
C00807,Riya Pillai,Small Business,Female,25-34,2022-03-17
C00808,Ananya Chatterjee,Consumer,Male,25-34,2022-07-18
C00809,Harsh Kulkarni,Consumer,Male,25-34,2022-09-30
C00810,Sameer Sharma,Consumer,Female,55+,2023-01-12
C00811,Aadhya Menon,Consumer,Male,25-34,2024-07-28
C00812,Tanvi Singh,Corporate,Male,45-54,2022-11-29
C00813,Neha Iyer,Small Business,Male,18-24,2023-09-05
C00814,Nikhil Patel,Consumer,Female,55+,2022-09-28
C00815,Aditya Kulkarni,Small Business,Male,25-34,2023-10-06
C00816,Ishaan Sharma,Consumer,Male,25-34,2023-07-22
C00817,Aditya Gupta,Consumer,Male,35-44,2022-05-31
C00818,Arjun Kapoor,Consumer,Female,18-24,2023-04-08
C00819,Riya Patel,Consumer,Male,45-54,2022-04-16
C00820,Aarav Gupta,Corporate,Female,25-34,2024-06-08
C00821,Sai Kulkarni,Consumer,Male,35-44,2023-12-06
C00822,Ananya Gupta,Consumer,Female,35-44,2024-07-30
C00823,Aarav Iyer,Consumer,Female,35-44,2024-05-25
C00824,Rohan Verma,Consumer,Female,18-24,2022-08-08
C00825,Imran Chatterjee,Consumer,Female,25-34,2023-12-09
C00826,Harsh Khan,Corporate,Female,25-34,2022-04-11
C00827,Nikhil Singh,Consumer,Female,25-34,2024-08-18
C00828,Vivaan Verma,Consumer,Male,18-24,2024-02-25
C00829,Neha Menon,Consumer,Female,55+,2023-11-12
C00830,Aarav Chatterjee,Consumer,Male,35-44,2024-09-21
C00831,Imran Singh,Consumer,Female,35-44,2024-04-26
C00832,Harsh Kulkarni,Corporate,Male,25-34,2024-05-13
C00833,Harsh Khan,Small Business,Female,25-34,2022-04-11
C00834,Lakshmi Singh,Consumer,Male,35-44,2022-01-24
C00835,Imran Ali,Small Business,Female,25-34,2024-08-19
C00836,Sai Menon,Corporate,Female,25-34,2022-09-09
C00837,Arjun Khan,Corporate,Male,25-34,2023-03-03
C00838,Aisha Ali,Corporate,Male,35-44,2022-02-13
C00839,Varun Das,Corporate,Female,55+,2023-09-16
C00840,Diya Singh,Corporate,Male,25-34,2024-03-31
C00841,Farhan Kulkarni,Consumer,Female,25-34,2024-04-21
C00842,Rohan Nair,Consumer,Female,18-24,2023-08-05
C00843,Imran Patel,Consumer,Female,25-34,2023-10-24
C00844,Ishaan Sharma,Consumer,Male,35-44,2023-05-29
C00845,Aisha Das,Corporate,Female,25-34,2023-03-23
C00846,Neha Reddy,Consumer,Female,35-44,2023-07-09
C00847,Imran Joshi,Consumer,Female,25-34,2024-07-24
C00848,Meera Nair,Consumer,Male,18-24,2022-09-10
C00849,Riya Joshi,Consumer,Female,55+,2023-04-16
C00850,Saanvi Khan,Corporate,Male,25-34,2023-08-25
C00851,Riya Das,Corporate,Male,45-54,2023-07-25
C00852,Aisha Patel,Consumer,Male,25-34,2022-01-31
C00853,Diya Bose,Consumer,Male,55+,2022-10-15
C00854,Meera Gupta,Consumer,Female,25-34,2023-10-09
C00855,Sneha Das,Consumer,Female,25-34,2023-11-26
C00856,Arjun Ali,Corporate,Male,35-44,2024-01-05
C00857,Vivaan Rao,Consumer,Female,25-34,2024-09-18
C00858,Kabir Reddy,Consumer,Female,25-34,2023-11-05
C00859,Vivaan Chatterjee,Consumer,Female,55+,2023-08-03
C00860,Aisha Patel,Small Business,Male,35-44,2022-11-29
C00861,Sameer Sharma,Corporate,Male,35-44,2023-01-06
C00862,Neha Gupta,Consumer,Female,35-44,2024-04-06
C00863,Neha Iyer,Consumer,Male,45-54,2023-04-14
C00864,Tanvi Reddy,Consumer,Male,45-54,2023-12-17
C00865,Zoya Bose,Small Business,Male,35-44,2022-05-05
C00866,Aadhya Iyer,Consumer,Male,25-34,2022-05-09
C00867,Ananya Kapoor,Consumer,Male,18-24,2022-08-04
C00868,Farhan Chatterjee,Small Business,Female,35-44,2022-07-15
C00869,Rohan Pillai,Corporate,Male,45-54,2023-08-30
C00870,Sai Bose,Consumer,Female,25-34,2023-09-30
C00871,Aisha Bose,Consumer,Female,25-34,2023-07-12
C00872,Zoya Kulkarni,Consumer,Male,25-34,2022-10-17
C00873,Priya Patel,Corporate,Male,35-44,2023-07-31
C00874,Riya Nair,Consumer,Female,45-54,2022-04-30
C00875,Arjun Singh,Small Business,Male,25-34,2023-04-18
C00876,Pooja Singh,Small Business,Female,35-44,2022-06-04
C00877,Nikhil Nair,Consumer,Female,35-44,2022-03-18
C00878,Meera Pillai,Corporate,Female,55+,2022-06-15
C00879,Aadhya Sharma,Consumer,Male,18-24,2022-04-22
C00880,Aditya Chatterjee,Consumer,Female,55+,2023-04-23
C00881,Rahul Khan,Corporate,Female,35-44,2023-06-30
C00882,Kabir Sharma,Consumer,Male,45-54,2023-08-31
C00883,Tanvi Iyer,Consumer,Female,18-24,2023-03-16
C00884,Sameer Reddy,Consumer,Male,35-44,2022-06-26
C00885,Aadhya Khan,Consumer,Female,35-44,2022-01-21
C00886,Pooja Sharma,Consumer,Female,25-34,2023-12-14
C00887,Aadhya Khan,Corporate,Male,25-34,2024-09-09
C00888,Ananya Nair,Corporate,Female,35-44,2022-10-09
C00889,Farhan Das,Corporate,Female,35-44,2022-07-24
C00890,Aisha Das,Corporate,Female,18-24,2022-11-08
C00891,Harsh Patel,Consumer,Female,25-34,2022-08-03
C00892,Aadhya Patel,Corporate,Female,25-34,2022-08-12
C00893,Diya Verma,Consumer,Female,55+,2023-05-10
C00894,Rahul Sharma,Consumer,Male,55+,2024-02-25
C00895,Rohan Reddy,Small Business,Female,25-34,2023-12-14
C00896,Ananya Mehta,Consumer,Female,25-34,2024-08-17
C00897,Karthik Kulkarni,Consumer,Female,25-34,2022-12-24
C00898,Aadhya Chatterjee,Consumer,Male,25-34,2023-05-08
C00899,Vivaan Singh,Consumer,Male,45-54,2023-01-16
C00900,Nikhil Singh,Consumer,Male,35-44,2022-02-12
C00901,Farhan Patel,Consumer,Female,18-24,2023-01-24
C00902,Aarav Mehta,Small Business,Male,18-24,2022-09-18
C00903,Aditya Mehta,Consumer,Female,25-34,2023-04-24
C00904,Sameer Kapoor,Consumer,Male,45-54,2022-06-08
C00905,Priya Ali,Consumer,Female,35-44,2024-01-12
C00906,Ishaan Menon,Corporate,Female,35-44,2024-04-22
C00907,Arjun Mehta,Consumer,Male,25-34,2024-08-18
C00908,Imran Kapoor,Consumer,Female,55+,2022-03-26
C00909,Sameer Patel,Consumer,Female,25-34,2022-04-28
C00910,Aditya Chatterjee,Corporate,Female,45-54,2024-08-24
C00911,Priya Verma,Corporate,Male,45-54,2024-04-28
C00912,Farhan Kulkarni,Corporate,Male,25-34,2023-08-12
C00913,Meera Mehta,Corporate,Male,45-54,2022-11-18
C00914,Vivaan Verma,Consumer,Male,25-34,2023-06-02
C00915,Ananya Joshi,Consumer,Female,35-44,2023-06-20
C00916,Sai Sharma,Consumer,Female,18-24,2024-04-27
C00917,Zoya Mehta,Consumer,Female,25-34,2023-06-14
C00918,Sameer Mehta,Consumer,Female,25-34,2022-01-28
C00919,Pooja Pillai,Consumer,Female,18-24,2023-12-01
C00920,Riya Ali,Consumer,Female,18-24,2024-02-17
C00921,Aadhya Verma,Consumer,Female,25-34,2022-10-26
C00922,Sameer Khan,Consumer,Male,35-44,2022-04-27
C00923,Harsh Menon,Corporate,Female,25-34,2022-05-23
C00924,Varun Sharma,Corporate,Male,25-34,2024-04-20
C00925,Sneha Menon,Consumer,Female,55+,2023-03-24
C00926,Meera Khan,Consumer,Male,55+,2023-06-14
C00927,Harsh Das,Corporate,Male,18-24,2024-08-18
C00928,Varun Menon,Corporate,Male,25-34,2022-03-03
C00929,Vivaan Ali,Consumer,Female,35-44,2022-07-25
C00930,Ishaan Khan,Consumer,Female,35-44,2024-04-13
C00931,Varun Ali,Corporate,Male,25-34,2023-06-25
C00932,Farhan Menon,Corporate,Male,35-44,2022-01-28
C00933,Sameer Patel,Consumer,Female,18-24,2023-12-04
C00934,Sameer Singh,Consumer,Male,25-34,2022-05-19
C00935,Vivaan Menon,Small Business,Female,35-44,2024-02-22
C00936,Priya Khan,Consumer,Female,35-44,2024-03-08
C00937,Saanvi Singh,Small Business,Female,45-54,2024-04-04
C00938,Vivaan Nair,Consumer,Male,18-24,2023-04-10
C00939,Nikhil Das,Consumer,Male,25-34,2022-09-25
C00940,Rahul Rao,Consumer,Female,18-24,2024-05-31
C00941,Neha Menon,Consumer,Male,25-34,2023-07-13
C00942,Priya Kapoor,Small Business,Male,18-24,2023-09-28
C00943,Tanvi Khan,Consumer,Female,35-44,2022-05-17
C00944,Zoya Kulkarni,Small Business,Male,35-44,2023-09-16
C00945,Aarav Mehta,Consumer,Male,35-44,2023-08-04
C00946,Priya Kulkarni,Small Business,Male,25-34,2022-10-20
C00947,Karthik Kapoor,Small Business,Female,18-24,2024-02-06
C00948,Sai Iyer,Consumer,Male,35-44,2022-05-14
C00949,Farhan Singh,Consumer,Female,18-24,2023-12-21
C00950,Neha Nair,Corporate,Female,45-54,2024-08-19
C00951,Rohan Kapoor,Consumer,Male,18-24,2023-07-22
C00952,Diya Rao,Small Business,Male,35-44,2022-04-15
C00953,Diya Khan,Consumer,Male,45-54,2023-07-08
C00954,Sai Chatterjee,Consumer,Male,35-44,2023-06-14
C00955,Tanvi Iyer,Consumer,Male,35-44,2023-07-07
C00956,Aadhya Rao,Corporate,Male,35-44,2022-09-30
C00957,Saanvi Bose,Small Business,Female,18-24,2023-09-19
C00958,Kabir Verma,Consumer,Male,35-44,2022-09-22
C00959,Aadhya Rao,Corporate,Female,45-54,2023-07-12
C00960,Ishaan Kapoor,Small Business,Female,55+,2023-08-18
C00961,Aarav Verma,Consumer,Male,25-34,2023-10-08
C00962,Riya Singh,Consumer,Male,25-34,2024-03-08
C00963,Ananya Khan,Corporate,Female,35-44,2024-06-01
C00964,Aditya Joshi,Corporate,Male,35-44,2024-02-17
C00965,Saanvi Iyer,Consumer,Male,25-34,2024-03-06
C00966,Saanvi Chatterjee,Corporate,Female,25-34,2024-05-18
C00967,Kabir Ali,Consumer,Male,25-34,2022-08-31
C00968,Kabir Nair,Small Business,Female,25-34,2022-10-20
C00969,Kabir Patel,Small Business,Male,25-34,2023-06-18
C00970,Arjun Rao,Corporate,Male,18-24,2023-04-11
C00971,Aadhya Bose,Consumer,Male,18-24,2023-12-04
C00972,Priya Menon,Consumer,Male,55+,2022-01-10
C00973,Priya Nair,Consumer,Male,18-24,2022-05-19
C00974,Imran Iyer,Consumer,Male,18-24,2024-01-17
C00975,Imran Kulkarni,Corporate,Female,25-34,2024-04-01
C00976,Sameer Gupta,Consumer,Female,25-34,2022-10-30
C00977,Diya Ali,Consumer,Female,55+,2022-11-07
C00978,Kabir Gupta,Consumer,Male,55+,2023-07-16
C00979,Nikhil Chatterjee,Consumer,Male,25-34,2023-04-23
C00980,Farhan Verma,Consumer,Female,25-34,2022-06-19
C00981,Lakshmi Iyer,Corporate,Female,25-34,2023-05-16
C00982,Karthik Chatterjee,Corporate,Male,18-24,2024-03-30
C00983,Sneha Chatterjee,Consumer,Male,25-34,2023-12-31
C00984,Aadhya Patel,Small Business,Female,18-24,2024-03-28
C00985,Diya Das,Small Business,Male,18-24,2023-10-06
C00986,Zoya Gupta,Consumer,Male,35-44,2024-05-27
C00987,Sameer Menon,Corporate,Male,18-24,2022-09-07
C00988,Diya Nair,Consumer,Male,18-24,2022-02-15
C00989,Neha Ali,Consumer,Male,25-34,2022-04-25
C00990,Varun Khan,Consumer,Male,25-34,2024-09-19
C00991,Priya Bose,Consumer,Male,18-24,2023-10-03
C00992,Rahul Verma,Small Business,Male,18-24,2022-09-05
C00993,Karthik Sharma,Small Business,Female,25-34,2024-05-04
C00994,Arjun Joshi,Corporate,Female,25-34,2022-11-06
C00995,Arjun Patel,Consumer,Female,45-54,2023-08-21
C00996,Karthik Joshi,Consumer,Male,55+,2022-09-07
C00997,Meera Verma,Small Business,Female,25-34,2022-04-05
C00998,Nikhil Chatterjee,Consumer,Male,25-34,2022-09-25
C00999,Lakshmi Bose,Consumer,Female,35-44,2022-08-17
C01000,Aisha Ali,Consumer,Female,35-44,2023-07-07
C01001,Priya Iyer,Consumer,Female,25-34,2022-01-21
C01002,Varun Patel,Consumer,Male,18-24,2022-08-28
C01003,Tanvi Das,Consumer,Female,25-34,2023-07-22
C01004,Lakshmi Singh,Corporate,Male,35-44,2023-01-29
C01005,Priya Khan,Consumer,Male,18-24,2023-09-28
C01006,Varun Verma,Consumer,Male,25-34,2023-10-18
C01007,Priya Das,Consumer,Female,25-34,2024-08-23
C01008,Neha Khan,Consumer,Male,25-34,2024-04-16
C01009,Sneha Das,Small Business,Male,25-34,2022-08-17
C01010,Ishaan Nair,Consumer,Female,35-44,2023-11-24
C01011,Zoya Khan,Corporate,Female,35-44,2023-09-20
C01012,Diya Pillai,Corporate,Male,25-34,2023-08-18
C01013,Diya Das,Consumer,Male,18-24,2024-03-09
C01014,Kabir Patel,Corporate,Female,45-54,2022-05-28
C01015,Zoya Singh,Corporate,Female,25-34,2023-01-11
C01016,Harsh Mehta,Consumer,Female,18-24,2024-03-27
C01017,Aarav Das,Consumer,Male,25-34,2024-06-11
C01018,Ananya Rao,Consumer,Female,45-54,2022-02-07
C01019,Kabir Kulkarni,Small Business,Female,35-44,2023-04-17
C01020,Ananya Singh,Corporate,Female,45-54,2022-09-22
C01021,Arjun Chatterjee,Small Business,Female,35-44,2022-06-17
C01022,Farhan Mehta,Small Business,Female,25-34,2022-02-27
C01023,Aadhya Verma,Consumer,Female,25-34,2023-06-23
C01024,Imran Menon,Corporate,Male,25-34,2023-10-30
C01025,Harsh Joshi,Consumer,Male,35-44,2023-06-16
C01026,Neha Kulkarni,Corporate,Female,35-44,2023-01-04
C01027,Pooja Gupta,Consumer,Female,18-24,2024-02-11
C01028,Aarav Verma,Consumer,Female,45-54,2023-10-15
C01029,Meera Rao,Corporate,Male,25-34,2024-06-27
C01030,Aarav Iyer,Corporate,Female,18-24,2022-12-14
C01031,Imran Mehta,Corporate,Female,25-34,2022-08-27
C01032,Aarav Singh,Consumer,Male,45-54,2023-04-01
C01033,Aditya Bose,Consumer,Female,55+,2023-05-22
C01034,Varun Ali,Small Business,Female,25-34,2023-04-03
C01035,Karthik Pillai,Consumer,Female,55+,2024-04-12
C01036,Farhan Pillai,Consumer,Female,45-54,2022-02-15
C01037,Meera Mehta,Consumer,Male,45-54,2023-06-12
C01038,Karthik Kapoor,Consumer,Male,45-54,2023-03-07
C01039,Riya Ali,Consumer,Female,25-34,2022-07-30
C01040,Vivaan Sharma,Consumer,Female,35-44,2023-10-04
C01041,Aditya Rao,Corporate,Female,35-44,2024-03-12
C01042,Imran Reddy,Small Business,Male,35-44,2023-07-01
C01043,Sai Ali,Small Business,Female,25-34,2022-03-26
C01044,Sameer Pillai,Consumer,Female,35-44,2022-03-17
C01045,Priya Menon,Consumer,Male,55+,2023-02-26
C01046,Aarav Nair,Corporate,Female,25-34,2023-10-31
C01047,Lakshmi Patel,Corporate,Female,55+,2022-11-10
C01048,Imran Bose,Consumer,Female,25-34,2022-11-05
C01049,Diya Reddy,Corporate,Male,25-34,2024-05-10
C01050,Zoya Verma,Corporate,Male,18-24,2022-01-15
C01051,Priya Ali,Corporate,Male,45-54,2022-03-21
C01052,Imran Mehta,Corporate,Female,35-44,2022-06-05
C01053,Aditya Nair,Consumer,Male,25-34,2024-09-10
C01054,Ananya Khan,Consumer,Male,35-44,2023-05-13
C01055,Ishaan Kulkarni,Corporate,Female,25-34,2022-06-08
C01056,Sai Bose,Consumer,Female,25-34,2022-11-07
C01057,Karthik Pillai,Small Business,Female,45-54,2024-08-27
C01058,Rohan Patel,Corporate,Male,35-44,2023-11-26
C01059,Rahul Khan,Consumer,Female,45-54,2022-08-12
C01060,Zoya Sharma,Corporate,Female,35-44,2022-08-29
C01061,Aditya Bose,Corporate,Male,55+,2022-03-16
C01062,Rahul Sharma,Corporate,Female,25-34,2024-02-12
C01063,Lakshmi Sharma,Consumer,Male,25-34,2022-05-18
C01064,Tanvi Bose,Small Business,Female,18-24,2022-10-14
C01065,Harsh Chatterjee,Consumer,Female,35-44,2022-12-15
C01066,Diya Mehta,Consumer,Male,35-44,2023-09-13
C01067,Rohan Gupta,Consumer,Male,35-44,2023-08-30
C01068,Kabir Gupta,Corporate,Female,25-34,2024-03-10
C01069,Lakshmi Menon,Corporate,Male,18-24,2022-10-25
C01070,Aditya Patel,Consumer,Male,35-44,2023-01-21
C01071,Nikhil Singh,Consumer,Female,55+,2023-01-24
C01072,Neha Menon,Corporate,Male,25-34,2022-02-16
C01073,Ananya Rao,Corporate,Female,25-34,2024-01-08
C01074,Rahul Ali,Consumer,Male,25-34,2023-06-20
C01075,Rahul Kulkarni,Small Business,Female,25-34,2023-04-21
C01076,Pooja Verma,Corporate,Female,25-34,2024-09-22
C01077,Saanvi Das,Small Business,Male,25-34,2022-06-28
C01078,Aarav Nair,Small Business,Male,35-44,2024-08-26
C01079,Sameer Das,Small Business,Female,25-34,2023-11-12
C01080,Sai Khan,Corporate,Male,25-34,2022-08-10
C01081,Ananya Nair,Corporate,Female,18-24,2023-11-10
C01082,Arjun Mehta,Consumer,Male,55+,2024-01-26
C01083,Pooja Gupta,Consumer,Male,25-34,2022-12-29
C01084,Rahul Chatterjee,Corporate,Male,25-34,2022-12-11
C01085,Varun Sharma,Consumer,Male,18-24,2024-04-15
C01086,Tanvi Verma,Small Business,Male,35-44,2022-06-10
C01087,Aarav Menon,Consumer,Male,45-54,2022-01-14
C01088,Sameer Verma,Consumer,Male,18-24,2023-10-28
C01089,Ananya Khan,Consumer,Female,18-24,2024-06-25
C01090,Saanvi Kulkarni,Consumer,Male,18-24,2023-05-16
C01091,Diya Reddy,Consumer,Male,35-44,2022-05-15
C01092,Arjun Nair,Consumer,Female,55+,2023-06-24
C01093,Arjun Rao,Corporate,Male,25-34,2022-09-09
C01094,Aisha Gupta,Consumer,Male,25-34,2024-04-07
C01095,Pooja Rao,Consumer,Female,45-54,2023-09-05
C01096,Sai Das,Consumer,Female,35-44,2022-12-03
C01097,Diya Kapoor,Consumer,Female,25-34,2023-09-17
C01098,Diya Iyer,Consumer,Male,25-34,2023-10-30
C01099,Sameer Menon,Corporate,Male,25-34,2023-11-10
C01100,Aditya Joshi,Corporate,Male,45-54,2023-01-02
C01101,Rohan Ali,Consumer,Male,35-44,2023-07-25
C01102,Pooja Das,Corporate,Female,35-44,2022-02-12
C01103,Neha Rao,Consumer,Male,45-54,2023-02-08
C01104,Sneha Verma,Consumer,Female,25-34,2023-01-14
C01105,Diya Nair,Small Business,Female,25-34,2023-06-19
C01106,Zoya Verma,Consumer,Female,18-24,2024-08-08
C01107,Riya Bose,Small Business,Male,45-54,2024-08-11
C01108,Tanvi Khan,Consumer,Female,35-44,2023-04-29
C01109,Aarav Bose,Consumer,Female,25-34,2023-10-09
C01110,Aarav Verma,Consumer,Female,18-24,2022-04-19
C01111,Harsh Ali,Consumer,Female,35-44,2023-04-28
C01112,Imran Kapoor,Small Business,Male,35-44,2023-11-19
C01113,Aditya Verma,Consumer,Male,35-44,2023-11-14
C01114,Diya Sharma,Small Business,Male,25-34,2024-08-21
C01115,Lakshmi Verma,Small Business,Male,55+,2023-04-12
C01116,Neha Ali,Consumer,Male,35-44,2024-06-26
C01117,Sameer Reddy,Consumer,Male,35-44,2024-09-05
C01118,Priya Singh,Consumer,Female,35-44,2023-07-26
C01119,Nikhil Menon,Consumer,Male,45-54,2022-04-02
C01120,Ananya Mehta,Corporate,Male,55+,2023-01-12
C01121,Lakshmi Gupta,Consumer,Male,35-44,2024-02-04
C01122,Aarav Singh,Small Business,Female,25-34,2023-08-04
C01123,Lakshmi Kulkarni,Corporate,Female,25-34,2024-07-25
C01124,Aisha Nair,Consumer,Male,45-54,2024-03-26
C01125,Karthik Kapoor,Corporate,Male,35-44,2022-03-05
C01126,Tanvi Verma,Consumer,Female,18-24,2024-05-11
C01127,Ananya Gupta,Small Business,Male,18-24,2022-12-24
C01128,Aditya Ali,Consumer,Female,45-54,2024-03-29
C01129,Arjun Joshi,Small Business,Male,45-54,2023-05-23
C01130,Farhan Joshi,Corporate,Female,55+,2023-04-01
C01131,Sameer Khan,Small Business,Female,25-34,2022-03-14
C01132,Pooja Menon,Consumer,Male,45-54,2022-04-29
C01133,Vivaan Das,Corporate,Male,45-54,2023-08-19
C01134,Aadhya Singh,Consumer,Female,25-34,2023-07-24
C01135,Kabir Gupta,Corporate,Female,18-24,2023-07-09
C01136,Aisha Patel,Consumer,Male,55+,2022-06-06
C01137,Zoya Patel,Consumer,Female,18-24,2023-05-25
C01138,Sameer Khan,Consumer,Male,35-44,2022-03-02
C01139,Varun Das,Consumer,Male,35-44,2022-05-25
C01140,Vivaan Iyer,Consumer,Male,35-44,2023-05-14
C01141,Pooja Ali,Corporate,Female,25-34,2023-09-09
C01142,Rohan Pillai,Consumer,Female,35-44,2023-10-18
C01143,Karthik Iyer,Corporate,Male,25-34,2024-09-08
C01144,Meera Joshi,Consumer,Female,45-54,2024-05-04
C01145,Harsh Kapoor,Corporate,Male,25-34,2023-01-15
C01146,Aditya Reddy,Corporate,Female,35-44,2024-02-22
C01147,Meera Nair,Consumer,Male,45-54,2022-04-06
C01148,Karthik Sharma,Corporate,Female,25-34,2024-05-07
C01149,Arjun Sharma,Small Business,Male,25-34,2023-01-22
C01150,Ananya Mehta,Corporate,Male,45-54,2024-01-31
C01151,Ishaan Kulkarni,Consumer,Female,18-24,2024-08-28
C01152,Ananya Sharma,Consumer,Female,25-34,2023-12-05
C01153,Aadhya Bose,Corporate,Female,25-34,2024-07-09
C01154,Arjun Verma,Consumer,Female,55+,2022-01-11
C01155,Varun Rao,Corporate,Female,35-44,2022-06-20
C01156,Aadhya Mehta,Consumer,Female,25-34,2023-09-19
C01157,Varun Das,Corporate,Male,55+,2023-06-25
C01158,Neha Sharma,Consumer,Male,25-34,2022-05-01
C01159,Diya Rao,Consumer,Female,25-34,2023-12-20
C01160,Ishaan Kulkarni,Small Business,Female,25-34,2022-02-28
C01161,Harsh Khan,Small Business,Female,25-34,2024-09-17
C01162,Saanvi Nair,Small Business,Male,25-34,2022-06-06
C01163,Riya Iyer,Small Business,Female,35-44,2023-03-22
C01164,Saanvi Rao,Consumer,Female,18-24,2024-04-03
C01165,Rahul Rao,Consumer,Female,35-44,2023-05-30
C01166,Rohan Mehta,Consumer,Male,25-34,2024-01-14
C01167,Zoya Mehta,Consumer,Female,25-34,2023-12-05
C01168,Priya Ali,Consumer,Male,18-24,2024-08-06
C01169,Saanvi Kapoor,Small Business,Female,35-44,2023-04-09
C01170,Rohan Reddy,Consumer,Female,35-44,2024-09-05
C01171,Riya Rao,Consumer,Female,25-34,2023-06-01
C01172,Sameer Khan,Consumer,Female,25-34,2024-06-12
C01173,Lakshmi Patel,Consumer,Male,25-34,2024-01-03
C01174,Neha Chatterjee,Consumer,Female,45-54,2022-05-13
C01175,Neha Joshi,Corporate,Female,25-34,2023-10-06
C01176,Farhan Kulkarni,Consumer,Female,45-54,2024-05-28
C01177,Priya Menon,Corporate,Male,25-34,2022-05-09
C01178,Ishaan Singh,Small Business,Female,25-34,2024-04-18
C01179,Farhan Gupta,Corporate,Male,35-44,2022-04-16
C01180,Aadhya Iyer,Corporate,Male,25-34,2024-05-21
C01181,Saanvi Reddy,Consumer,Male,18-24,2024-02-28
C01182,Harsh Singh,Consumer,Male,55+,2022-06-01
C01183,Sai Verma,Consumer,Male,18-24,2023-12-28
C01184,Varun Chatterjee,Small Business,Female,25-34,2022-04-27
C01185,Sameer Iyer,Corporate,Male,25-34,2023-07-23
C01186,Aditya Nair,Consumer,Male,25-34,2024-07-12
C01187,Sameer Mehta,Consumer,Female,45-54,2022-07-25
C01188,Varun Verma,Corporate,Female,18-24,2022-06-23
C01189,Sai Chatterjee,Corporate,Male,55+,2023-02-27
C01190,Farhan Bose,Consumer,Male,35-44,2023-01-04
C01191,Arjun Verma,Small Business,Male,55+,2022-02-18
C01192,Vivaan Joshi,Corporate,Female,45-54,2023-04-01
C01193,Varun Pillai,Corporate,Female,55+,2022-09-17
C01194,Kabir Mehta,Consumer,Male,35-44,2022-05-05
C01195,Vivaan Kapoor,Consumer,Female,25-34,2022-10-04
C01196,Lakshmi Bose,Small Business,Male,25-34,2022-01-21
C01197,Lakshmi Rao,Corporate,Male,35-44,2024-07-04
C01198,Priya Patel,Consumer,Female,25-34,2024-09-21
C01199,Farhan Joshi,Corporate,Male,35-44,2023-01-03
C01200,Ishaan Kulkarni,Consumer,Female,18-24,2024-05-26
