MonthStart,Region,SalesTarget
2023-01-01,East,603000.0
2023-01-01,North,1483000.0
2023-01-01,South,907000.0
2023-01-01,West,1091000.0
2023-02-01,East,1079000.0
2023-02-01,North,1524000.0
2023-02-01,South,731000.0
2023-02-01,West,747000.0
2023-03-01,East,1014000.0
2023-03-01,North,1146000.0
2023-03-01,South,2278000.0
2023-03-01,West,938000.0
2023-04-01,East,727000.0
2023-04-01,North,1329000.0
2023-04-01,South,1667000.0
2023-04-01,West,687000.0
2023-05-01,East,999000.0
2023-05-01,North,1812000.0
2023-05-01,South,1156000.0
2023-05-01,West,955000.0
2023-06-01,East,991000.0
2023-06-01,North,1096000.0
2023-06-01,South,1477000.0
2023-06-01,West,531000.0
2023-07-01,East,997000.0
2023-07-01,North,1537000.0
2023-07-01,South,2069000.0
2023-07-01,West,1209000.0
2023-08-01,East,835000.0
2023-08-01,North,1460000.0
2023-08-01,South,1800000.0
2023-08-01,West,1285000.0
2023-09-01,East,801000.0
2023-09-01,North,1013000.0
2023-09-01,South,1979000.0
2023-09-01,West,1417000.0
2023-10-01,East,931000.0
2023-10-01,North,2047000.0
2023-10-01,South,2032000.0
2023-10-01,West,1411000.0
2023-11-01,East,1266000.0
2023-11-01,North,1812000.0
2023-11-01,South,2056000.0
2023-11-01,West,1829000.0
2023-12-01,East,1126000.0
2023-12-01,North,1627000.0
2023-12-01,South,1844000.0
2023-12-01,West,1441000.0
2024-01-01,East,802000.0
2024-01-01,North,1192000.0
2024-01-01,South,1375000.0
2024-01-01,West,1988000.0
2024-02-01,East,514000.0
2024-02-01,North,1043000.0
2024-02-01,South,1067000.0
2024-02-01,West,1144000.0
2024-03-01,East,901000.0
2024-03-01,North,1668000.0
2024-03-01,South,1472000.0
2024-03-01,West,1700000.0
2024-04-01,East,984000.0
2024-04-01,North,902000.0
2024-04-01,South,2151000.0
2024-04-01,West,1284000.0
2024-05-01,East,1142000.0
2024-05-01,North,1531000.0
2024-05-01,South,2443000.0
2024-05-01,West,1652000.0
2024-06-01,East,1130000.0
2024-06-01,North,1630000.0
2024-06-01,South,1403000.0
2024-06-01,West,1553000.0
2024-07-01,East,865000.0
2024-07-01,North,1560000.0
2024-07-01,South,1242000.0
2024-07-01,West,1497000.0
2024-08-01,East,1098000.0
2024-08-01,North,2415000.0
2024-08-01,South,2145000.0
2024-08-01,West,2318000.0
2024-09-01,East,1001000.0
2024-09-01,North,1544000.0
2024-09-01,South,1460000.0
2024-09-01,West,1941000.0
2024-10-01,East,1325000.0
2024-10-01,North,2121000.0
2024-10-01,South,2495000.0
2024-10-01,West,1802000.0
2024-11-01,East,1988000.0
2024-11-01,North,2668000.0
2024-11-01,South,1922000.0
2024-11-01,West,1925000.0
2024-12-01,East,1346000.0
2024-12-01,North,2220000.0
2024-12-01,South,1690000.0
2024-12-01,West,1650000.0
2025-01-01,East,618000.0
2025-01-01,North,1407000.0
2025-01-01,South,1817000.0
2025-01-01,West,1691000.0
2025-02-01,East,799000.0
2025-02-01,North,1101000.0
2025-02-01,South,1754000.0
2025-02-01,West,1177000.0
2025-03-01,East,1244000.0
2025-03-01,North,1938000.0
2025-03-01,South,2233000.0
2025-03-01,West,1736000.0
2025-04-01,East,888000.0
2025-04-01,North,1268000.0
2025-04-01,South,1341000.0
2025-04-01,West,1226000.0
2025-05-01,East,1152000.0
2025-05-01,North,3125000.0
2025-05-01,South,1815000.0
2025-05-01,West,882000.0
2025-06-01,East,1181000.0
2025-06-01,North,1951000.0
2025-06-01,South,1865000.0
2025-06-01,West,1571000.0
2025-07-01,East,1392000.0
2025-07-01,North,1758000.0
2025-07-01,South,2999000.0
2025-07-01,West,1099000.0
2025-08-01,East,1106000.0
2025-08-01,North,1591000.0
2025-08-01,South,2489000.0
2025-08-01,West,2337000.0
2025-09-01,East,1280000.0
2025-09-01,North,1486000.0
2025-09-01,South,1677000.0
2025-09-01,West,1789000.0
2025-10-01,East,1138000.0
2025-10-01,North,2239000.0
2025-10-01,South,2583000.0
2025-10-01,West,1977000.0
2025-11-01,East,1417000.0
2025-11-01,North,2712000.0
2025-11-01,South,2474000.0
2025-11-01,West,2351000.0
2025-12-01,East,1330000.0
2025-12-01,North,2642000.0
2025-12-01,South,2229000.0
2025-12-01,West,2484000.0
